Workbook

Sheet Resumen Executive
A1: DASHBOARD DE RENDIMIENTO - PORTAFOLIO DE DATOS
A2: Análisis preparado por: Matias Ignacio | Proyecto de Ejemplo para GitHub
A4: TOTAL VENTAS ($) | C4: UNIDADES VENDIDAS | E4: TICKET PROMEDIO
A5: =Datos_Ventas!H24 | C5: =Datos_Ventas!F24 | E5: =A5/COUNTA(Datos_Ventas!A4:A23)
A8: RESUMEN POR REGIÓN
A9: Región | B9: Unidades | C9: Ventas Totales ($) | D9: % del Total
A10: Norte | B10: =SUMIF(Datos_Ventas!E$4:E$23, A10, Datos_Ventas!F$4:F$23) | C10: =SUMIF(Datos_Ventas!E$4:E$23, A10, Datos_Ventas!H$4:H$23) | D10: =C10/$A$5
A11: Sur | B11: =SUMIF(Datos_Ventas!E$4:E$23, A11, Datos_Ventas!F$4:F$23) | C11: =SUMIF(Datos_Ventas!E$4:E$23, A11, Datos_Ventas!H$4:H$23) | D11: =C11/$A$5
A12: Este | B12: =SUMIF(Datos_Ventas!E$4:E$23, A12, Datos_Ventas!F$4:F$23) | C12: =SUMIF(Datos_Ventas!E$4:E$23, A12, Datos_Ventas!H$4:H$23) | D12: =C12/$A$5
A13: Oeste | B13: =SUMIF(Datos_Ventas!E$4:E$23, A13, Datos_Ventas!F$4:F$23) | C13: =SUMIF(Datos_Ventas!E$4:E$23, A13, Datos_Ventas!H$4:H$23) | D13: =C13/$A$5
A14: Total | B14: =SUM(B10:B13) | C14: =SUM(C10:C13) | D14: =SUM(D10:D13)

Sheet Datos_Ventas
A1: REGISTRO DE VENTAS TECNOLÓGICAS - 2026
A3: ID Transacción | B3: Fecha | C3: Categoría | D3: Producto | E3: Región | F3: Unidades | G3: Precio Unitario ($) | H3: Ventas Totales ($)
A4: TRX-1001 | B4: 2026-01-05 | C4: Computadores | D4: Laptop Pro 15 | E4: Norte | F4: 5 | G4: 1200 | H4: =F4*G4
A5: TRX-1002 | B5: 2026-01-08 | C5: Accesorios | D5: Teclado Mecánico | E5: Sur | F5: 12 | G5: 85 | H5: =F5*G5
A6: TRX-1003 | B6: 2026-01-10 | C6: Monitores | D6: Monitor 27'' UHD | E6: Este | F6: 8 | G6: 350 | H6: =F6*G6
A7: TRX-1004 | B7: 2026-01-12 | C7: Audio | D7: Auriculares Noise-Cancelling | E7: Oeste | F7: 15 | G7: 150 | H7: =F7*G7
A8: TRX-1005 | B8: 2026-01-15 | C8: Computadores | D8: Laptop Slim 13 | E8: Norte | F8: 3 | G8: 950 | H8: =F8*G8
A9: TRX-1006 | B9: 2026-01-18 | C9: Smartwatches | D9: Reloj Deportivo GPS | E9: Sur | F9: 20 | G9: 210 | H9: =F9*G9
A10: TRX-1007 | B10: 2026-01-20 | C10: Monitores | D10: Monitor Curvo 34'' | E10: Norte | F10: 4 | G10: 650 | H10: =F10*G10
A11: TRX-1008 | B11: 2026-01-22 | C11: Accesorios | D11: Mouse Ergonómico | E11: Este | F11: 25 | G11: 45 | H11: =F11*G11
A12: TRX-1009 | B12: 2026-01-25 | C12: Audio | D12: Parlante Bluetooth | E12: Oeste | F12: 10 | G12: 110 | H12: =F12*G12
A13: TRX-1010 | B13: 2026-01-28 | C13: Computadores | D13: Desktop Gaming | E13: Sur | F13: 2 | G13: 1800 | H13: =F13*G13
A14: TRX-1011 | B14: 2026-02-02 | C14: Smartwatches | D14: Smartband Fitness | E14: Norte | F14: 30 | G14: 50 | H14: =F14*G14
A15: TRX-1012 | B15: 2026-02-05 | C15: Accesorios | D15: Hub USB-C 8 en 1 | E15: Este | F15: 18 | G15: 65 | H15: =F15*G15
... A23: TRX-1020 | B23: 2026-02-27 | C23: Audio | D23: Parlante Bluetooth | E23: Norte | F23: 12 | G23: 110 | H23: =F23*G23
A24: TOTAL GENERAL | F24: =SUM(F4:F23) | H24: =SUM(H4:H23)
